clustering_method,industry_se,public_se,managerial_se,industry_coef,public_coef,managerial_coef
(1) Panel-level (baseline),0.44772397913728973,0.4358169153005309,0.6509412391857148,3.5818990434273044,-3.3663260665934,4.541555303943225
(2) Two-way (Panel + Year),0.4478356118116518,0.4359461871045809,0.651494759147742,3.5818990434273044,-3.3663260665934,4.541555303943225
(3) Country-level,0.5775867541060176,0.5789705964133964,0.8243989517696497,3.5818990434273044,-3.3663260665934,4.541555303943225
(4) Wild Bootstrap [95% CI],0.44752225622588404,0.43562055713994374,0.650647956341728,3.5818990434273044,-3.3663260665934,4.541555303943225
