subsample,n_obs,industry_coef,industry_se,public_coef,public_se,managerial_coef,managerial_se
EU-15 (Western),5459,4.595390032222326,0.9139190237287799,-3.769364749418053,0.7855847487112418,6.129321521277723,0.9432493625621355
New Member States,5400,4.3213070509954195,0.8312435844577233,-0.8287069132598669,0.9245733013364652,2.3406775867335026,1.0554846953609434
Eurozone only,7025,4.477096112730816,0.7810371490983303,-2.6395652696718392,0.7636506348597963,5.169656187742293,0.8561904979447335
Pre-pandemic (2010-2018),11053,4.52490603766978,0.5503884273941271,-2.9399220699956863,0.5276080658516759,4.9316868787223624,0.6530937872989707
Post-2014 only,10006,4.333396417129353,0.5619982104360586,-1.446393942399556,0.5273563975383992,4.088155735560811,0.6777025686477812
2022 only (cross-section),3377,4.4391393773011245,0.6554220047316587,-1.7605292175887466,0.6487310933618593,3.828489342770124,0.887735961022938
