clustering_method,industry_se,public_se,managerial_se,industry_coef,public_coef,managerial_coef
(1) Panel-level (baseline),0.48077560819760323,0.4610891261488307,0.6202309713300344,2.164695226236741,-2.548728916495874,2.730215230205511
(2) Two-way (Panel + Year),0.4809622898069308,0.46127943960860224,0.6206802062536284,2.164695226236741,-2.548728916495874,2.730215230205511
(3) Country-level,0.7211634122964048,0.691633689223246,0.9303464569950515,2.164695226236741,-2.548728916495874,2.730215230205511
(4) Wild Bootstrap [95% CI],0.48062865940831995,0.4609481945215104,0.6200413980888821,2.164695226236741,-2.548728916495874,2.730215230205511
