subsample,n_obs,industry_coef,industry_se,public_coef,public_se,managerial_coef,managerial_se
EU-15 (Western),5459,2.705046425230643,0.6747715105002305,-4.012821780466406,0.6178306660577494,5.68228846638971,0.8783815731589095
New Member States,5400,2.606073377626818,0.6298895898659664,-1.058280933705919,0.7173640483265281,0.4910196581519856,0.9573504385678465
Eurozone only,7025,2.5651279455208162,0.5823262270613427,-2.9334002804897357,0.5818034885012727,4.035358193242574,0.7958050016211351
Pre-pandemic (2010-2018),11053,2.562943970200845,0.4114935705478792,-2.9385551973874495,0.4091267878049507,3.093578093202988,0.5811223692597697
Post-2014 only,10006,2.07486315929022,0.41695421355212214,-2.0389414174845193,0.41419195248268786,2.688642584512618,0.6057880136237364
2022 only (cross-section),3377,1.7121533423910176,0.496967609526036,-2.314073484476833,0.49645079148111865,2.827310978905591,0.7633642926565039
