subsample,n_obs,industry_coef,industry_se,public_coef,public_se,managerial_coef,managerial_se
EU-15 (Western),5459,3.3970768252282544,0.7915847730882274,-4.468193593622398,0.6915287038096506,6.429401987039548,0.9849678768475009
New Member States,5400,3.904730759710485,0.7350991522367153,-1.9116572672988144,0.815521269453279,1.6547082885534832,1.1620907946191912
Eurozone only,7025,3.462755466379392,0.6787902469568581,-3.4859691519691722,0.6632767312956486,5.1332917705667205,0.9099535292199707
Pre-pandemic (2010-2018),11053,3.69994503621236,0.4804753028272627,-3.5085328764227786,0.4659207713907674,4.779652853218076,0.6957439263274482
Post-2014 only,10006,3.4302641967545946,0.48448637520171595,-2.4511892280395347,0.4616747243489381,4.0990855366162,0.7257548520410823
2022 only (cross-section),3377,3.4782733242681596,0.5682258506483306,-2.882223258671903,0.5618265790296774,3.794462417727203,0.9563235822729159
