subsample,n_obs,industry_coef,industry_se,public_coef,public_se,managerial_coef,managerial_se
EU-15 (Western),5540,2.064158430881329,0.8020412463068377,-5.130947419852366,0.7844891216426947,5.221749680869352,0.9013432583992544
New Member States,5548,2.093506406003853,0.8633429115234533,-0.27581186594518814,0.8427052182643301,0.4395127524355092,1.1427071768167023
Eurozone only,7161,2.2769603555575455,0.7372421641351234,-3.550367030229013,0.7464029937045193,3.9108619470042743,0.8941783406911742
Pre-pandemic (2010-2018),11297,2.435359857532979,0.5061727660458651,-2.5373357106209347,0.4781659103769013,2.7817904983671453,0.6604666980807014
Post-2014 only,10173,2.378579319074108,0.48008902734976455,-1.6716363566832873,0.48374556242765915,2.6874787218753253,0.6785536459360861
2022 only (cross-section),3428,1.4870694614258892,0.6275005060621934,-2.3510151849699255,0.6068962126422885,2.3243167412426335,0.8491876672453291
