clustering_method,industry_se,public_se,managerial_se,industry_coef,public_coef,managerial_coef
(1) Panel-level (baseline),0.44772397913728973,0.4358169153005309,0.6509412391857148,3.5818990434273044,-3.3663260665934,4.541555303943225
(2) Two-way (Panel + Year),0.45667845872003554,0.44453325360654156,0.6639600639694291,3.5818990434273044,-3.3663260665934,4.541555303943225
(3) Country-level,0.5775867541060176,0.5789705964133964,0.8243989517696497,3.5818990434273044,-3.3663260665934,4.541555303943225
(4) Wild Cluster Bootstrap (1000 reps),0.3341162383304609,0.33615634728690624,0.4865052879494714,3.5818990434273044,-3.3663260665934,4.541555303943225
