specification,n_obs,industry_coef,industry_se,public_coef,public_se,managerial_coef,managerial_se
(1) Baseline RE,14430,3.5818990434273044,0.44772397913728973,-3.3663260665934,0.4358169153005309,4.541555303943225,0.6509412391857148
(2) Balanced Panel,9028,2.5172034386919084,0.4978901539499806,-2.4061906180810655,0.4951875003849406,2.8225803321275356,0.6736396464147755
(3) Drop Extreme Gaps,14356,2.0719981007513053,0.36338571636846,-2.682925521146086,0.3804733456071947,2.689500171709244,0.5351854208215537
(4) Large Countries,13273,2.400242367492396,0.41569454655245386,-2.6812747424990926,0.42174288963304857,2.8821761618263877,0.594327226675975
(5) Quantile Reg (Median),14430,2.500367321027799,0.2862736398392929,-3.466788723437011,0.26114774037248606,3.443936249992902,0.4366917670780308
(6) Fixed Effects,14430,NA,NA,NA,NA,NA,NA
(7) Winsorized (1%/99%),14430,2.229890323050475,0.3694188912742728,-2.771127412315247,0.3802700337385038,2.9225932148351577,0.5364203354400395
